[
  {
    "name": "Process Start",
    "start": 1635140748939,
    "end": 1635140751426,
    "duration": 2487,
    "pid": 60888,
    "index": 0
  },
  {
    "name": "Application Start",
    "start": 1635140751427,
    "end": 1635140769026,
    "duration": 17599,
    "pid": 60888,
    "index": 1
  },
  {
    "name": "Load Plugin",
    "start": 1635140751435,
    "end": 1635140751467,
    "duration": 32,
    "pid": 60888,
    "index": 2
  },
  {
    "name": "Load Config",
    "start": 1635140751467,
    "end": 1635140751517,
    "duration": 50,
    "pid": 60888,
    "index": 3
  },
  {
    "name": "Require(0) config/config.default.js",
    "start": 1635140751468,
    "end": 1635140751469,
    "duration": 1,
    "pid": 60888,
    "index": 4
  },
  {
    "name": "Require(1) node_modules/_egg-session@3.3.0@egg-session/config/config.default.js",
    "start": 1635140751472,
    "end": 1635140751473,
    "duration": 1,
    "pid": 60888,
    "index": 5
  },
  {
    "name": "Require(2) node_modules/egg-security/config/config.default.js",
    "start": 1635140751475,
    "end": 1635140751477,
    "duration": 2,
    "pid": 60888,
    "index": 6
  },
  {
    "name": "Require(3) node_modules/egg-jsonp/config/config.default.js",
    "start": 1635140751478,
    "end": 1635140751479,
    "duration": 1,
    "pid": 60888,
    "index": 7
  },
  {
    "name": "Require(4) node_modules/_egg-onerror@2.1.0@egg-onerror/config/config.default.js",
    "start": 1635140751480,
    "end": 1635140751481,
    "duration": 1,
    "pid": 60888,
    "index": 8
  },
  {
    "name": "Require(5) node_modules/egg-i18n/config/config.default.js",
    "start": 1635140751481,
    "end": 1635140751482,
    "duration": 1,
    "pid": 60888,
    "index": 9
  },
  {
    "name": "Require(6) node_modules/egg-watcher/config/config.default.js",
    "start": 1635140751484,
    "end": 1635140751484,
    "duration": 0,
    "pid": 60888,
    "index": 10
  },
  {
    "name": "Require(7) node_modules/egg-schedule/config/config.default.js",
    "start": 1635140751485,
    "end": 1635140751486,
    "duration": 1,
    "pid": 60888,
    "index": 11
  },
  {
    "name": "Require(8) node_modules/egg-multipart/config/config.default.js",
    "start": 1635140751487,
    "end": 1635140751488,
    "duration": 1,
    "pid": 60888,
    "index": 12
  },
  {
    "name": "Require(9) node_modules/egg-development/config/config.default.js",
    "start": 1635140751489,
    "end": 1635140751491,
    "duration": 2,
    "pid": 60888,
    "index": 13
  },
  {
    "name": "Require(10) node_modules/egg-logrotator/config/config.default.js",
    "start": 1635140751493,
    "end": 1635140751494,
    "duration": 1,
    "pid": 60888,
    "index": 14
  },
  {
    "name": "Require(11) node_modules/egg-static/config/config.default.js",
    "start": 1635140751494,
    "end": 1635140751495,
    "duration": 1,
    "pid": 60888,
    "index": 15
  },
  {
    "name": "Require(12) node_modules/egg-view/config/config.default.js",
    "start": 1635140751496,
    "end": 1635140751498,
    "duration": 2,
    "pid": 60888,
    "index": 16
  },
  {
    "name": "Require(13) node_modules/_egg-mysql@3.0.0@egg-mysql/config/config.default.js",
    "start": 1635140751499,
    "end": 1635140751500,
    "duration": 1,
    "pid": 60888,
    "index": 17
  },
  {
    "name": "Require(14) node_modules/egg/config/config.default.js",
    "start": 1635140751501,
    "end": 1635140751502,
    "duration": 1,
    "pid": 60888,
    "index": 18
  },
  {
    "name": "Require(15) config/config.default.js",
    "start": 1635140751505,
    "end": 1635140751505,
    "duration": 0,
    "pid": 60888,
    "index": 19
  },
  {
    "name": "Require(16) node_modules/egg-security/config/config.local.js",
    "start": 1635140751508,
    "end": 1635140751509,
    "duration": 1,
    "pid": 60888,
    "index": 20
  },
  {
    "name": "Require(17) node_modules/egg-watcher/config/config.local.js",
    "start": 1635140751511,
    "end": 1635140751512,
    "duration": 1,
    "pid": 60888,
    "index": 21
  },
  {
    "name": "Require(18) node_modules/egg-view/config/config.local.js",
    "start": 1635140751514,
    "end": 1635140751515,
    "duration": 1,
    "pid": 60888,
    "index": 22
  },
  {
    "name": "Require(19) node_modules/egg/config/config.local.js",
    "start": 1635140751516,
    "end": 1635140751516,
    "duration": 0,
    "pid": 60888,
    "index": 23
  },
  {
    "name": "Load extend/application.js",
    "start": 1635140751519,
    "end": 1635140751549,
    "duration": 30,
    "pid": 60888,
    "index": 24
  },
  {
    "name": "Require(20) node_modules/_egg-session@3.3.0@egg-session/app/extend/application.js",
    "start": 1635140751520,
    "end": 1635140751521,
    "duration": 1,
    "pid": 60888,
    "index": 25
  },
  {
    "name": "Require(21) node_modules/egg-security/app/extend/application.js",
    "start": 1635140751522,
    "end": 1635140751526,
    "duration": 4,
    "pid": 60888,
    "index": 26
  },
  {
    "name": "Require(22) node_modules/egg-jsonp/app/extend/application.js",
    "start": 1635140751527,
    "end": 1635140751529,
    "duration": 2,
    "pid": 60888,
    "index": 27
  },
  {
    "name": "Require(23) node_modules/egg-logrotator/app/extend/application.js",
    "start": 1635140751532,
    "end": 1635140751535,
    "duration": 3,
    "pid": 60888,
    "index": 28
  },
  {
    "name": "Require(24) node_modules/egg-view/app/extend/application.js",
    "start": 1635140751537,
    "end": 1635140751541,
    "duration": 4,
    "pid": 60888,
    "index": 29
  },
  {
    "name": "Load extend/request.js",
    "start": 1635140751549,
    "end": 1635140751563,
    "duration": 14,
    "pid": 60888,
    "index": 30
  },
  {
    "name": "Require(25) node_modules/egg/app/extend/request.js",
    "start": 1635140751555,
    "end": 1635140751557,
    "duration": 2,
    "pid": 60888,
    "index": 31
  },
  {
    "name": "Load extend/response.js",
    "start": 1635140751563,
    "end": 1635140751579,
    "duration": 16,
    "pid": 60888,
    "index": 32
  },
  {
    "name": "Require(26) node_modules/egg/app/extend/response.js",
    "start": 1635140751568,
    "end": 1635140751570,
    "duration": 2,
    "pid": 60888,
    "index": 33
  },
  {
    "name": "Load extend/context.js",
    "start": 1635140751579,
    "end": 1635140751736,
    "duration": 157,
    "pid": 60888,
    "index": 34
  },
  {
    "name": "Require(27) node_modules/egg-security/app/extend/context.js",
    "start": 1635140751580,
    "end": 1635140751599,
    "duration": 19,
    "pid": 60888,
    "index": 35
  },
  {
    "name": "Require(28) node_modules/egg-jsonp/app/extend/context.js",
    "start": 1635140751600,
    "end": 1635140751603,
    "duration": 3,
    "pid": 60888,
    "index": 36
  },
  {
    "name": "Require(29) node_modules/egg-i18n/app/extend/context.js",
    "start": 1635140751604,
    "end": 1635140751606,
    "duration": 2,
    "pid": 60888,
    "index": 37
  },
  {
    "name": "Require(30) node_modules/egg-multipart/app/extend/context.js",
    "start": 1635140751608,
    "end": 1635140751726,
    "duration": 118,
    "pid": 60888,
    "index": 38
  },
  {
    "name": "Require(31) node_modules/egg-view/app/extend/context.js",
    "start": 1635140751727,
    "end": 1635140751729,
    "duration": 2,
    "pid": 60888,
    "index": 39
  },
  {
    "name": "Require(32) node_modules/egg/app/extend/context.js",
    "start": 1635140751730,
    "end": 1635140751731,
    "duration": 1,
    "pid": 60888,
    "index": 40
  },
  {
    "name": "Load extend/helper.js",
    "start": 1635140751736,
    "end": 1635140751781,
    "duration": 45,
    "pid": 60888,
    "index": 41
  },
  {
    "name": "Require(33) node_modules/egg-security/app/extend/helper.js",
    "start": 1635140751737,
    "end": 1635140751768,
    "duration": 31,
    "pid": 60888,
    "index": 42
  },
  {
    "name": "Require(34) node_modules/egg/app/extend/helper.js",
    "start": 1635140751772,
    "end": 1635140751773,
    "duration": 1,
    "pid": 60888,
    "index": 43
  },
  {
    "name": "Load app.js",
    "start": 1635140751782,
    "end": 1635140751894,
    "duration": 112,
    "pid": 60888,
    "index": 44
  },
  {
    "name": "Require(35) node_modules/_egg-session@3.3.0@egg-session/app.js",
    "start": 1635140751782,
    "end": 1635140751783,
    "duration": 1,
    "pid": 60888,
    "index": 45
  },
  {
    "name": "Require(36) node_modules/egg-security/app.js",
    "start": 1635140751784,
    "end": 1635140751787,
    "duration": 3,
    "pid": 60888,
    "index": 46
  },
  {
    "name": "Require(37) node_modules/_egg-onerror@2.1.0@egg-onerror/app.js",
    "start": 1635140751788,
    "end": 1635140751810,
    "duration": 22,
    "pid": 60888,
    "index": 47
  },
  {
    "name": "Require(38) node_modules/egg-i18n/app.js",
    "start": 1635140751811,
    "end": 1635140751837,
    "duration": 26,
    "pid": 60888,
    "index": 48
  },
  {
    "name": "Require(39) node_modules/egg-watcher/app.js",
    "start": 1635140751838,
    "end": 1635140751844,
    "duration": 6,
    "pid": 60888,
    "index": 49
  },
  {
    "name": "Require(40) node_modules/egg-schedule/app.js",
    "start": 1635140751845,
    "end": 1635140751847,
    "duration": 2,
    "pid": 60888,
    "index": 50
  },
  {
    "name": "Require(41) node_modules/egg-multipart/app.js",
    "start": 1635140751848,
    "end": 1635140751849,
    "duration": 1,
    "pid": 60888,
    "index": 51
  },
  {
    "name": "Require(42) node_modules/egg-development/app.js",
    "start": 1635140751849,
    "end": 1635140751850,
    "duration": 1,
    "pid": 60888,
    "index": 52
  },
  {
    "name": "Require(43) node_modules/egg-logrotator/app.js",
    "start": 1635140751850,
    "end": 1635140751851,
    "duration": 1,
    "pid": 60888,
    "index": 53
  },
  {
    "name": "Require(44) node_modules/egg-static/app.js",
    "start": 1635140751851,
    "end": 1635140751852,
    "duration": 1,
    "pid": 60888,
    "index": 54
  },
  {
    "name": "Require(45) node_modules/_egg-mysql@3.0.0@egg-mysql/app.js",
    "start": 1635140751853,
    "end": 1635140751892,
    "duration": 39,
    "pid": 60888,
    "index": 55
  },
  {
    "name": "Before Start in node_modules/egg-watcher/lib/init.js:15:14",
    "start": 1635140751915,
    "end": 1635140768954,
    "duration": 17039,
    "pid": 60888,
    "index": 56
  },
  {
    "name": "Before Start in node_modules/_egg-mysql@3.0.0@egg-mysql/lib/mysql.js:20:7",
    "start": 1635140752148,
    "end": 1635140769025,
    "duration": 16877,
    "pid": 60888,
    "index": 57
  },
  {
    "name": "Load Service",
    "start": 1635140752149,
    "end": 1635140752167,
    "duration": 18,
    "pid": 60888,
    "index": 58
  },
  {
    "name": "Load \"service\" to Context",
    "start": 1635140752149,
    "end": 1635140752167,
    "duration": 18,
    "pid": 60888,
    "index": 59
  },
  {
    "name": "Load Middleware",
    "start": 1635140752168,
    "end": 1635140768885,
    "duration": 16717,
    "pid": 60888,
    "index": 60
  },
  {
    "name": "Load \"middlewares\" to Application",
    "start": 1635140752168,
    "end": 1635140752400,
    "duration": 232,
    "pid": 60888,
    "index": 61
  },
  {
    "name": "Load Controller",
    "start": 1635140768885,
    "end": 1635140768894,
    "duration": 9,
    "pid": 60888,
    "index": 62
  },
  {
    "name": "Load \"controller\" to Application",
    "start": 1635140768885,
    "end": 1635140768894,
    "duration": 9,
    "pid": 60888,
    "index": 63
  },
  {
    "name": "Load Router",
    "start": 1635140768894,
    "end": 1635140768903,
    "duration": 9,
    "pid": 60888,
    "index": 64
  },
  {
    "name": "Require(46) app/router.js",
    "start": 1635140768895,
    "end": 1635140768896,
    "duration": 1,
    "pid": 60888,
    "index": 65
  },
  {
    "name": "Before Start in node_modules/egg-core/lib/egg.js:303:10",
    "start": 1635140768898,
    "end": 1635140768924,
    "duration": 26,
    "pid": 60888,
    "index": 66
  }
]