[
  {
    "name": "Process Start",
    "start": 1635141111015,
    "end": 1635141113563,
    "duration": 2548,
    "pid": 9676,
    "index": 0
  },
  {
    "name": "Application Start",
    "start": 1635141113564,
    "end": 1635141114697,
    "duration": 1133,
    "pid": 9676,
    "index": 1
  },
  {
    "name": "Load Plugin",
    "start": 1635141113572,
    "end": 1635141113623,
    "duration": 51,
    "pid": 9676,
    "index": 2
  },
  {
    "name": "Load Config",
    "start": 1635141113624,
    "end": 1635141113675,
    "duration": 51,
    "pid": 9676,
    "index": 3
  },
  {
    "name": "Require(0) config/config.default.js",
    "start": 1635141113626,
    "end": 1635141113627,
    "duration": 1,
    "pid": 9676,
    "index": 4
  },
  {
    "name": "Require(1) node_modules/_egg-session@3.3.0@egg-session/config/config.default.js",
    "start": 1635141113632,
    "end": 1635141113633,
    "duration": 1,
    "pid": 9676,
    "index": 5
  },
  {
    "name": "Require(2) node_modules/egg-security/config/config.default.js",
    "start": 1635141113634,
    "end": 1635141113637,
    "duration": 3,
    "pid": 9676,
    "index": 6
  },
  {
    "name": "Require(3) node_modules/egg-jsonp/config/config.default.js",
    "start": 1635141113641,
    "end": 1635141113642,
    "duration": 1,
    "pid": 9676,
    "index": 7
  },
  {
    "name": "Require(4) node_modules/_egg-onerror@2.1.0@egg-onerror/config/config.default.js",
    "start": 1635141113643,
    "end": 1635141113645,
    "duration": 2,
    "pid": 9676,
    "index": 8
  },
  {
    "name": "Require(5) node_modules/egg-i18n/config/config.default.js",
    "start": 1635141113646,
    "end": 1635141113647,
    "duration": 1,
    "pid": 9676,
    "index": 9
  },
  {
    "name": "Require(6) node_modules/egg-watcher/config/config.default.js",
    "start": 1635141113649,
    "end": 1635141113650,
    "duration": 1,
    "pid": 9676,
    "index": 10
  },
  {
    "name": "Require(7) node_modules/egg-schedule/config/config.default.js",
    "start": 1635141113651,
    "end": 1635141113652,
    "duration": 1,
    "pid": 9676,
    "index": 11
  },
  {
    "name": "Require(8) node_modules/egg-multipart/config/config.default.js",
    "start": 1635141113653,
    "end": 1635141113654,
    "duration": 1,
    "pid": 9676,
    "index": 12
  },
  {
    "name": "Require(9) node_modules/egg-development/config/config.default.js",
    "start": 1635141113655,
    "end": 1635141113656,
    "duration": 1,
    "pid": 9676,
    "index": 13
  },
  {
    "name": "Require(10) node_modules/egg-logrotator/config/config.default.js",
    "start": 1635141113656,
    "end": 1635141113657,
    "duration": 1,
    "pid": 9676,
    "index": 14
  },
  {
    "name": "Require(11) node_modules/egg-static/config/config.default.js",
    "start": 1635141113658,
    "end": 1635141113659,
    "duration": 1,
    "pid": 9676,
    "index": 15
  },
  {
    "name": "Require(12) node_modules/egg-view/config/config.default.js",
    "start": 1635141113660,
    "end": 1635141113660,
    "duration": 0,
    "pid": 9676,
    "index": 16
  },
  {
    "name": "Require(13) node_modules/_egg-mysql@3.0.0@egg-mysql/config/config.default.js",
    "start": 1635141113662,
    "end": 1635141113662,
    "duration": 0,
    "pid": 9676,
    "index": 17
  },
  {
    "name": "Require(14) node_modules/egg/config/config.default.js",
    "start": 1635141113663,
    "end": 1635141113664,
    "duration": 1,
    "pid": 9676,
    "index": 18
  },
  {
    "name": "Require(15) config/config.default.js",
    "start": 1635141113666,
    "end": 1635141113666,
    "duration": 0,
    "pid": 9676,
    "index": 19
  },
  {
    "name": "Require(16) node_modules/egg-security/config/config.local.js",
    "start": 1635141113667,
    "end": 1635141113667,
    "duration": 0,
    "pid": 9676,
    "index": 20
  },
  {
    "name": "Require(17) node_modules/egg-watcher/config/config.local.js",
    "start": 1635141113669,
    "end": 1635141113670,
    "duration": 1,
    "pid": 9676,
    "index": 21
  },
  {
    "name": "Require(18) node_modules/egg-view/config/config.local.js",
    "start": 1635141113672,
    "end": 1635141113672,
    "duration": 0,
    "pid": 9676,
    "index": 22
  },
  {
    "name": "Require(19) node_modules/egg/config/config.local.js",
    "start": 1635141113674,
    "end": 1635141113674,
    "duration": 0,
    "pid": 9676,
    "index": 23
  },
  {
    "name": "Load extend/application.js",
    "start": 1635141113676,
    "end": 1635141113708,
    "duration": 32,
    "pid": 9676,
    "index": 24
  },
  {
    "name": "Require(20) node_modules/_egg-session@3.3.0@egg-session/app/extend/application.js",
    "start": 1635141113677,
    "end": 1635141113678,
    "duration": 1,
    "pid": 9676,
    "index": 25
  },
  {
    "name": "Require(21) node_modules/egg-security/app/extend/application.js",
    "start": 1635141113679,
    "end": 1635141113682,
    "duration": 3,
    "pid": 9676,
    "index": 26
  },
  {
    "name": "Require(22) node_modules/egg-jsonp/app/extend/application.js",
    "start": 1635141113683,
    "end": 1635141113687,
    "duration": 4,
    "pid": 9676,
    "index": 27
  },
  {
    "name": "Require(23) node_modules/egg-logrotator/app/extend/application.js",
    "start": 1635141113691,
    "end": 1635141113694,
    "duration": 3,
    "pid": 9676,
    "index": 28
  },
  {
    "name": "Require(24) node_modules/egg-view/app/extend/application.js",
    "start": 1635141113696,
    "end": 1635141113700,
    "duration": 4,
    "pid": 9676,
    "index": 29
  },
  {
    "name": "Load extend/request.js",
    "start": 1635141113708,
    "end": 1635141113721,
    "duration": 13,
    "pid": 9676,
    "index": 30
  },
  {
    "name": "Require(25) node_modules/egg/app/extend/request.js",
    "start": 1635141113713,
    "end": 1635141113715,
    "duration": 2,
    "pid": 9676,
    "index": 31
  },
  {
    "name": "Load extend/response.js",
    "start": 1635141113721,
    "end": 1635141113737,
    "duration": 16,
    "pid": 9676,
    "index": 32
  },
  {
    "name": "Require(26) node_modules/egg/app/extend/response.js",
    "start": 1635141113726,
    "end": 1635141113729,
    "duration": 3,
    "pid": 9676,
    "index": 33
  },
  {
    "name": "Load extend/context.js",
    "start": 1635141113738,
    "end": 1635141113884,
    "duration": 146,
    "pid": 9676,
    "index": 34
  },
  {
    "name": "Require(27) node_modules/egg-security/app/extend/context.js",
    "start": 1635141113739,
    "end": 1635141113765,
    "duration": 26,
    "pid": 9676,
    "index": 35
  },
  {
    "name": "Require(28) node_modules/egg-jsonp/app/extend/context.js",
    "start": 1635141113766,
    "end": 1635141113769,
    "duration": 3,
    "pid": 9676,
    "index": 36
  },
  {
    "name": "Require(29) node_modules/egg-i18n/app/extend/context.js",
    "start": 1635141113770,
    "end": 1635141113771,
    "duration": 1,
    "pid": 9676,
    "index": 37
  },
  {
    "name": "Require(30) node_modules/egg-multipart/app/extend/context.js",
    "start": 1635141113773,
    "end": 1635141113874,
    "duration": 101,
    "pid": 9676,
    "index": 38
  },
  {
    "name": "Require(31) node_modules/egg-view/app/extend/context.js",
    "start": 1635141113875,
    "end": 1635141113877,
    "duration": 2,
    "pid": 9676,
    "index": 39
  },
  {
    "name": "Require(32) node_modules/egg/app/extend/context.js",
    "start": 1635141113878,
    "end": 1635141113879,
    "duration": 1,
    "pid": 9676,
    "index": 40
  },
  {
    "name": "Load extend/helper.js",
    "start": 1635141113884,
    "end": 1635141113920,
    "duration": 36,
    "pid": 9676,
    "index": 41
  },
  {
    "name": "Require(33) node_modules/egg-security/app/extend/helper.js",
    "start": 1635141113885,
    "end": 1635141113911,
    "duration": 26,
    "pid": 9676,
    "index": 42
  },
  {
    "name": "Require(34) node_modules/egg/app/extend/helper.js",
    "start": 1635141113915,
    "end": 1635141113916,
    "duration": 1,
    "pid": 9676,
    "index": 43
  },
  {
    "name": "Load app.js",
    "start": 1635141113921,
    "end": 1635141114022,
    "duration": 101,
    "pid": 9676,
    "index": 44
  },
  {
    "name": "Require(35) node_modules/_egg-session@3.3.0@egg-session/app.js",
    "start": 1635141113921,
    "end": 1635141113922,
    "duration": 1,
    "pid": 9676,
    "index": 45
  },
  {
    "name": "Require(36) node_modules/egg-security/app.js",
    "start": 1635141113922,
    "end": 1635141113924,
    "duration": 2,
    "pid": 9676,
    "index": 46
  },
  {
    "name": "Require(37) node_modules/_egg-onerror@2.1.0@egg-onerror/app.js",
    "start": 1635141113929,
    "end": 1635141113947,
    "duration": 18,
    "pid": 9676,
    "index": 47
  },
  {
    "name": "Require(38) node_modules/egg-i18n/app.js",
    "start": 1635141113947,
    "end": 1635141113971,
    "duration": 24,
    "pid": 9676,
    "index": 48
  },
  {
    "name": "Require(39) node_modules/egg-watcher/app.js",
    "start": 1635141113972,
    "end": 1635141113977,
    "duration": 5,
    "pid": 9676,
    "index": 49
  },
  {
    "name": "Require(40) node_modules/egg-schedule/app.js",
    "start": 1635141113977,
    "end": 1635141113980,
    "duration": 3,
    "pid": 9676,
    "index": 50
  },
  {
    "name": "Require(41) node_modules/egg-multipart/app.js",
    "start": 1635141113980,
    "end": 1635141113981,
    "duration": 1,
    "pid": 9676,
    "index": 51
  },
  {
    "name": "Require(42) node_modules/egg-development/app.js",
    "start": 1635141113982,
    "end": 1635141113982,
    "duration": 0,
    "pid": 9676,
    "index": 52
  },
  {
    "name": "Require(43) node_modules/egg-logrotator/app.js",
    "start": 1635141113983,
    "end": 1635141113983,
    "duration": 0,
    "pid": 9676,
    "index": 53
  },
  {
    "name": "Require(44) node_modules/egg-static/app.js",
    "start": 1635141113984,
    "end": 1635141113984,
    "duration": 0,
    "pid": 9676,
    "index": 54
  },
  {
    "name": "Require(45) node_modules/_egg-mysql@3.0.0@egg-mysql/app.js",
    "start": 1635141113985,
    "end": 1635141114020,
    "duration": 35,
    "pid": 9676,
    "index": 55
  },
  {
    "name": "Before Start in node_modules/egg-watcher/lib/init.js:15:14",
    "start": 1635141114042,
    "end": 1635141114643,
    "duration": 601,
    "pid": 9676,
    "index": 56
  },
  {
    "name": "Before Start in node_modules/_egg-mysql@3.0.0@egg-mysql/lib/mysql.js:20:7",
    "start": 1635141114219,
    "end": 1635141114696,
    "duration": 477,
    "pid": 9676,
    "index": 57
  },
  {
    "name": "Load Service",
    "start": 1635141114220,
    "end": 1635141114237,
    "duration": 17,
    "pid": 9676,
    "index": 58
  },
  {
    "name": "Load \"service\" to Context",
    "start": 1635141114220,
    "end": 1635141114237,
    "duration": 17,
    "pid": 9676,
    "index": 59
  },
  {
    "name": "Load Middleware",
    "start": 1635141114237,
    "end": 1635141114565,
    "duration": 328,
    "pid": 9676,
    "index": 60
  },
  {
    "name": "Load \"middlewares\" to Application",
    "start": 1635141114238,
    "end": 1635141114532,
    "duration": 294,
    "pid": 9676,
    "index": 61
  },
  {
    "name": "Load Controller",
    "start": 1635141114565,
    "end": 1635141114580,
    "duration": 15,
    "pid": 9676,
    "index": 62
  },
  {
    "name": "Load \"controller\" to Application",
    "start": 1635141114566,
    "end": 1635141114580,
    "duration": 14,
    "pid": 9676,
    "index": 63
  },
  {
    "name": "Load Router",
    "start": 1635141114580,
    "end": 1635141114592,
    "duration": 12,
    "pid": 9676,
    "index": 64
  },
  {
    "name": "Require(46) app/router.js",
    "start": 1635141114580,
    "end": 1635141114581,
    "duration": 1,
    "pid": 9676,
    "index": 65
  },
  {
    "name": "Before Start in node_modules/egg-core/lib/egg.js:303:10",
    "start": 1635141114583,
    "end": 1635141114623,
    "duration": 40,
    "pid": 9676,
    "index": 66
  }
]