[
  {
    "name": "Process Start",
    "start": 1635141107545,
    "end": 1635141109981,
    "duration": 2436,
    "pid": 15516,
    "index": 0
  },
  {
    "name": "Application Start",
    "start": 1635141109983,
    "end": 1635141110955,
    "duration": 972,
    "pid": 15516,
    "index": 1
  },
  {
    "name": "Load Plugin",
    "start": 1635141109990,
    "end": 1635141110018,
    "duration": 28,
    "pid": 15516,
    "index": 2
  },
  {
    "name": "Load Config",
    "start": 1635141110018,
    "end": 1635141110056,
    "duration": 38,
    "pid": 15516,
    "index": 3
  },
  {
    "name": "Require(0) config/config.default.js",
    "start": 1635141110019,
    "end": 1635141110020,
    "duration": 1,
    "pid": 15516,
    "index": 4
  },
  {
    "name": "Require(1) node_modules/_egg-session@3.3.0@egg-session/config/config.default.js",
    "start": 1635141110022,
    "end": 1635141110023,
    "duration": 1,
    "pid": 15516,
    "index": 5
  },
  {
    "name": "Require(2) node_modules/egg-security/config/config.default.js",
    "start": 1635141110024,
    "end": 1635141110025,
    "duration": 1,
    "pid": 15516,
    "index": 6
  },
  {
    "name": "Require(3) node_modules/egg-jsonp/config/config.default.js",
    "start": 1635141110027,
    "end": 1635141110028,
    "duration": 1,
    "pid": 15516,
    "index": 7
  },
  {
    "name": "Require(4) node_modules/_egg-onerror@2.1.0@egg-onerror/config/config.default.js",
    "start": 1635141110029,
    "end": 1635141110029,
    "duration": 0,
    "pid": 15516,
    "index": 8
  },
  {
    "name": "Require(5) node_modules/egg-i18n/config/config.default.js",
    "start": 1635141110030,
    "end": 1635141110031,
    "duration": 1,
    "pid": 15516,
    "index": 9
  },
  {
    "name": "Require(6) node_modules/egg-watcher/config/config.default.js",
    "start": 1635141110032,
    "end": 1635141110032,
    "duration": 0,
    "pid": 15516,
    "index": 10
  },
  {
    "name": "Require(7) node_modules/egg-schedule/config/config.default.js",
    "start": 1635141110033,
    "end": 1635141110034,
    "duration": 1,
    "pid": 15516,
    "index": 11
  },
  {
    "name": "Require(8) node_modules/egg-multipart/config/config.default.js",
    "start": 1635141110035,
    "end": 1635141110035,
    "duration": 0,
    "pid": 15516,
    "index": 12
  },
  {
    "name": "Require(9) node_modules/egg-development/config/config.default.js",
    "start": 1635141110037,
    "end": 1635141110037,
    "duration": 0,
    "pid": 15516,
    "index": 13
  },
  {
    "name": "Require(10) node_modules/egg-logrotator/config/config.default.js",
    "start": 1635141110038,
    "end": 1635141110039,
    "duration": 1,
    "pid": 15516,
    "index": 14
  },
  {
    "name": "Require(11) node_modules/egg-static/config/config.default.js",
    "start": 1635141110040,
    "end": 1635141110041,
    "duration": 1,
    "pid": 15516,
    "index": 15
  },
  {
    "name": "Require(12) node_modules/egg-view/config/config.default.js",
    "start": 1635141110041,
    "end": 1635141110042,
    "duration": 1,
    "pid": 15516,
    "index": 16
  },
  {
    "name": "Require(13) node_modules/_egg-mysql@3.0.0@egg-mysql/config/config.default.js",
    "start": 1635141110043,
    "end": 1635141110044,
    "duration": 1,
    "pid": 15516,
    "index": 17
  },
  {
    "name": "Require(14) node_modules/egg/config/config.default.js",
    "start": 1635141110044,
    "end": 1635141110045,
    "duration": 1,
    "pid": 15516,
    "index": 18
  },
  {
    "name": "Require(15) config/config.default.js",
    "start": 1635141110047,
    "end": 1635141110047,
    "duration": 0,
    "pid": 15516,
    "index": 19
  },
  {
    "name": "Require(16) node_modules/egg-security/config/config.local.js",
    "start": 1635141110048,
    "end": 1635141110049,
    "duration": 1,
    "pid": 15516,
    "index": 20
  },
  {
    "name": "Require(17) node_modules/egg-watcher/config/config.local.js",
    "start": 1635141110050,
    "end": 1635141110051,
    "duration": 1,
    "pid": 15516,
    "index": 21
  },
  {
    "name": "Require(18) node_modules/egg-view/config/config.local.js",
    "start": 1635141110053,
    "end": 1635141110054,
    "duration": 1,
    "pid": 15516,
    "index": 22
  },
  {
    "name": "Require(19) node_modules/egg/config/config.local.js",
    "start": 1635141110055,
    "end": 1635141110056,
    "duration": 1,
    "pid": 15516,
    "index": 23
  },
  {
    "name": "Load extend/application.js",
    "start": 1635141110058,
    "end": 1635141110081,
    "duration": 23,
    "pid": 15516,
    "index": 24
  },
  {
    "name": "Require(20) node_modules/_egg-session@3.3.0@egg-session/app/extend/application.js",
    "start": 1635141110059,
    "end": 1635141110059,
    "duration": 0,
    "pid": 15516,
    "index": 25
  },
  {
    "name": "Require(21) node_modules/egg-security/app/extend/application.js",
    "start": 1635141110060,
    "end": 1635141110062,
    "duration": 2,
    "pid": 15516,
    "index": 26
  },
  {
    "name": "Require(22) node_modules/egg-jsonp/app/extend/application.js",
    "start": 1635141110063,
    "end": 1635141110066,
    "duration": 3,
    "pid": 15516,
    "index": 27
  },
  {
    "name": "Require(23) node_modules/egg-logrotator/app/extend/application.js",
    "start": 1635141110069,
    "end": 1635141110072,
    "duration": 3,
    "pid": 15516,
    "index": 28
  },
  {
    "name": "Require(24) node_modules/egg-view/app/extend/application.js",
    "start": 1635141110073,
    "end": 1635141110075,
    "duration": 2,
    "pid": 15516,
    "index": 29
  },
  {
    "name": "Load extend/request.js",
    "start": 1635141110081,
    "end": 1635141110092,
    "duration": 11,
    "pid": 15516,
    "index": 30
  },
  {
    "name": "Require(25) node_modules/egg/app/extend/request.js",
    "start": 1635141110086,
    "end": 1635141110087,
    "duration": 1,
    "pid": 15516,
    "index": 31
  },
  {
    "name": "Load extend/response.js",
    "start": 1635141110092,
    "end": 1635141110106,
    "duration": 14,
    "pid": 15516,
    "index": 32
  },
  {
    "name": "Require(26) node_modules/egg/app/extend/response.js",
    "start": 1635141110097,
    "end": 1635141110099,
    "duration": 2,
    "pid": 15516,
    "index": 33
  },
  {
    "name": "Load extend/context.js",
    "start": 1635141110106,
    "end": 1635141110233,
    "duration": 127,
    "pid": 15516,
    "index": 34
  },
  {
    "name": "Require(27) node_modules/egg-security/app/extend/context.js",
    "start": 1635141110107,
    "end": 1635141110122,
    "duration": 15,
    "pid": 15516,
    "index": 35
  },
  {
    "name": "Require(28) node_modules/egg-jsonp/app/extend/context.js",
    "start": 1635141110123,
    "end": 1635141110125,
    "duration": 2,
    "pid": 15516,
    "index": 36
  },
  {
    "name": "Require(29) node_modules/egg-i18n/app/extend/context.js",
    "start": 1635141110126,
    "end": 1635141110126,
    "duration": 0,
    "pid": 15516,
    "index": 37
  },
  {
    "name": "Require(30) node_modules/egg-multipart/app/extend/context.js",
    "start": 1635141110128,
    "end": 1635141110221,
    "duration": 93,
    "pid": 15516,
    "index": 38
  },
  {
    "name": "Require(31) node_modules/egg-view/app/extend/context.js",
    "start": 1635141110224,
    "end": 1635141110226,
    "duration": 2,
    "pid": 15516,
    "index": 39
  },
  {
    "name": "Require(32) node_modules/egg/app/extend/context.js",
    "start": 1635141110227,
    "end": 1635141110228,
    "duration": 1,
    "pid": 15516,
    "index": 40
  },
  {
    "name": "Load extend/helper.js",
    "start": 1635141110233,
    "end": 1635141110269,
    "duration": 36,
    "pid": 15516,
    "index": 41
  },
  {
    "name": "Require(33) node_modules/egg-security/app/extend/helper.js",
    "start": 1635141110233,
    "end": 1635141110260,
    "duration": 27,
    "pid": 15516,
    "index": 42
  },
  {
    "name": "Require(34) node_modules/egg/app/extend/helper.js",
    "start": 1635141110264,
    "end": 1635141110265,
    "duration": 1,
    "pid": 15516,
    "index": 43
  },
  {
    "name": "Load app.js",
    "start": 1635141110270,
    "end": 1635141110376,
    "duration": 106,
    "pid": 15516,
    "index": 44
  },
  {
    "name": "Require(35) node_modules/_egg-session@3.3.0@egg-session/app.js",
    "start": 1635141110270,
    "end": 1635141110271,
    "duration": 1,
    "pid": 15516,
    "index": 45
  },
  {
    "name": "Require(36) node_modules/egg-security/app.js",
    "start": 1635141110271,
    "end": 1635141110274,
    "duration": 3,
    "pid": 15516,
    "index": 46
  },
  {
    "name": "Require(37) node_modules/_egg-onerror@2.1.0@egg-onerror/app.js",
    "start": 1635141110275,
    "end": 1635141110298,
    "duration": 23,
    "pid": 15516,
    "index": 47
  },
  {
    "name": "Require(38) node_modules/egg-i18n/app.js",
    "start": 1635141110298,
    "end": 1635141110323,
    "duration": 25,
    "pid": 15516,
    "index": 48
  },
  {
    "name": "Require(39) node_modules/egg-watcher/app.js",
    "start": 1635141110324,
    "end": 1635141110329,
    "duration": 5,
    "pid": 15516,
    "index": 49
  },
  {
    "name": "Require(40) node_modules/egg-schedule/app.js",
    "start": 1635141110330,
    "end": 1635141110332,
    "duration": 2,
    "pid": 15516,
    "index": 50
  },
  {
    "name": "Require(41) node_modules/egg-multipart/app.js",
    "start": 1635141110333,
    "end": 1635141110333,
    "duration": 0,
    "pid": 15516,
    "index": 51
  },
  {
    "name": "Require(42) node_modules/egg-development/app.js",
    "start": 1635141110334,
    "end": 1635141110335,
    "duration": 1,
    "pid": 15516,
    "index": 52
  },
  {
    "name": "Require(43) node_modules/egg-logrotator/app.js",
    "start": 1635141110335,
    "end": 1635141110336,
    "duration": 1,
    "pid": 15516,
    "index": 53
  },
  {
    "name": "Require(44) node_modules/egg-static/app.js",
    "start": 1635141110336,
    "end": 1635141110337,
    "duration": 1,
    "pid": 15516,
    "index": 54
  },
  {
    "name": "Require(45) node_modules/_egg-mysql@3.0.0@egg-mysql/app.js",
    "start": 1635141110338,
    "end": 1635141110374,
    "duration": 36,
    "pid": 15516,
    "index": 55
  },
  {
    "name": "Before Start in node_modules/egg-watcher/lib/init.js:15:14",
    "start": 1635141110396,
    "end": 1635141110904,
    "duration": 508,
    "pid": 15516,
    "index": 56
  },
  {
    "name": "Before Start in node_modules/_egg-mysql@3.0.0@egg-mysql/lib/mysql.js:20:7",
    "start": 1635141110589,
    "end": 1635141110954,
    "duration": 365,
    "pid": 15516,
    "index": 57
  },
  {
    "name": "Load Service",
    "start": 1635141110590,
    "end": 1635141110611,
    "duration": 21,
    "pid": 15516,
    "index": 58
  },
  {
    "name": "Load \"service\" to Context",
    "start": 1635141110590,
    "end": 1635141110611,
    "duration": 21,
    "pid": 15516,
    "index": 59
  },
  {
    "name": "Load Middleware",
    "start": 1635141110611,
    "end": 1635141110852,
    "duration": 241,
    "pid": 15516,
    "index": 60
  },
  {
    "name": "Load \"middlewares\" to Application",
    "start": 1635141110611,
    "end": 1635141110831,
    "duration": 220,
    "pid": 15516,
    "index": 61
  },
  {
    "name": "Load Controller",
    "start": 1635141110852,
    "end": 1635141110861,
    "duration": 9,
    "pid": 15516,
    "index": 62
  },
  {
    "name": "Load \"controller\" to Application",
    "start": 1635141110852,
    "end": 1635141110861,
    "duration": 9,
    "pid": 15516,
    "index": 63
  },
  {
    "name": "Load Router",
    "start": 1635141110861,
    "end": 1635141110868,
    "duration": 7,
    "pid": 15516,
    "index": 64
  },
  {
    "name": "Require(46) app/router.js",
    "start": 1635141110861,
    "end": 1635141110862,
    "duration": 1,
    "pid": 15516,
    "index": 65
  },
  {
    "name": "Before Start in node_modules/egg-core/lib/egg.js:303:10",
    "start": 1635141110864,
    "end": 1635141110890,
    "duration": 26,
    "pid": 15516,
    "index": 66
  }
]