[
  {
    "name": "Process Start",
    "start": 1635140779638,
    "end": 1635140782075,
    "duration": 2437,
    "pid": 64084,
    "index": 0
  },
  {
    "name": "Application Start",
    "start": 1635140782077,
    "end": 1635140783073,
    "duration": 996,
    "pid": 64084,
    "index": 1
  },
  {
    "name": "Load Plugin",
    "start": 1635140782084,
    "end": 1635140782114,
    "duration": 30,
    "pid": 64084,
    "index": 2
  },
  {
    "name": "Load Config",
    "start": 1635140782114,
    "end": 1635140782151,
    "duration": 37,
    "pid": 64084,
    "index": 3
  },
  {
    "name": "Require(0) config/config.default.js",
    "start": 1635140782115,
    "end": 1635140782116,
    "duration": 1,
    "pid": 64084,
    "index": 4
  },
  {
    "name": "Require(1) node_modules/_egg-session@3.3.0@egg-session/config/config.default.js",
    "start": 1635140782118,
    "end": 1635140782119,
    "duration": 1,
    "pid": 64084,
    "index": 5
  },
  {
    "name": "Require(2) node_modules/egg-security/config/config.default.js",
    "start": 1635140782119,
    "end": 1635140782121,
    "duration": 2,
    "pid": 64084,
    "index": 6
  },
  {
    "name": "Require(3) node_modules/egg-jsonp/config/config.default.js",
    "start": 1635140782122,
    "end": 1635140782123,
    "duration": 1,
    "pid": 64084,
    "index": 7
  },
  {
    "name": "Require(4) node_modules/_egg-onerror@2.1.0@egg-onerror/config/config.default.js",
    "start": 1635140782124,
    "end": 1635140782125,
    "duration": 1,
    "pid": 64084,
    "index": 8
  },
  {
    "name": "Require(5) node_modules/egg-i18n/config/config.default.js",
    "start": 1635140782125,
    "end": 1635140782126,
    "duration": 1,
    "pid": 64084,
    "index": 9
  },
  {
    "name": "Require(6) node_modules/egg-watcher/config/config.default.js",
    "start": 1635140782127,
    "end": 1635140782128,
    "duration": 1,
    "pid": 64084,
    "index": 10
  },
  {
    "name": "Require(7) node_modules/egg-schedule/config/config.default.js",
    "start": 1635140782129,
    "end": 1635140782129,
    "duration": 0,
    "pid": 64084,
    "index": 11
  },
  {
    "name": "Require(8) node_modules/egg-multipart/config/config.default.js",
    "start": 1635140782130,
    "end": 1635140782131,
    "duration": 1,
    "pid": 64084,
    "index": 12
  },
  {
    "name": "Require(9) node_modules/egg-development/config/config.default.js",
    "start": 1635140782132,
    "end": 1635140782133,
    "duration": 1,
    "pid": 64084,
    "index": 13
  },
  {
    "name": "Require(10) node_modules/egg-logrotator/config/config.default.js",
    "start": 1635140782134,
    "end": 1635140782134,
    "duration": 0,
    "pid": 64084,
    "index": 14
  },
  {
    "name": "Require(11) node_modules/egg-static/config/config.default.js",
    "start": 1635140782135,
    "end": 1635140782136,
    "duration": 1,
    "pid": 64084,
    "index": 15
  },
  {
    "name": "Require(12) node_modules/egg-view/config/config.default.js",
    "start": 1635140782137,
    "end": 1635140782138,
    "duration": 1,
    "pid": 64084,
    "index": 16
  },
  {
    "name": "Require(13) node_modules/_egg-mysql@3.0.0@egg-mysql/config/config.default.js",
    "start": 1635140782138,
    "end": 1635140782139,
    "duration": 1,
    "pid": 64084,
    "index": 17
  },
  {
    "name": "Require(14) node_modules/egg/config/config.default.js",
    "start": 1635140782140,
    "end": 1635140782141,
    "duration": 1,
    "pid": 64084,
    "index": 18
  },
  {
    "name": "Require(15) config/config.default.js",
    "start": 1635140782143,
    "end": 1635140782143,
    "duration": 0,
    "pid": 64084,
    "index": 19
  },
  {
    "name": "Require(16) node_modules/egg-security/config/config.local.js",
    "start": 1635140782144,
    "end": 1635140782144,
    "duration": 0,
    "pid": 64084,
    "index": 20
  },
  {
    "name": "Require(17) node_modules/egg-watcher/config/config.local.js",
    "start": 1635140782146,
    "end": 1635140782146,
    "duration": 0,
    "pid": 64084,
    "index": 21
  },
  {
    "name": "Require(18) node_modules/egg-view/config/config.local.js",
    "start": 1635140782148,
    "end": 1635140782149,
    "duration": 1,
    "pid": 64084,
    "index": 22
  },
  {
    "name": "Require(19) node_modules/egg/config/config.local.js",
    "start": 1635140782150,
    "end": 1635140782150,
    "duration": 0,
    "pid": 64084,
    "index": 23
  },
  {
    "name": "Load extend/application.js",
    "start": 1635140782152,
    "end": 1635140782176,
    "duration": 24,
    "pid": 64084,
    "index": 24
  },
  {
    "name": "Require(20) node_modules/_egg-session@3.3.0@egg-session/app/extend/application.js",
    "start": 1635140782153,
    "end": 1635140782154,
    "duration": 1,
    "pid": 64084,
    "index": 25
  },
  {
    "name": "Require(21) node_modules/egg-security/app/extend/application.js",
    "start": 1635140782154,
    "end": 1635140782157,
    "duration": 3,
    "pid": 64084,
    "index": 26
  },
  {
    "name": "Require(22) node_modules/egg-jsonp/app/extend/application.js",
    "start": 1635140782158,
    "end": 1635140782161,
    "duration": 3,
    "pid": 64084,
    "index": 27
  },
  {
    "name": "Require(23) node_modules/egg-logrotator/app/extend/application.js",
    "start": 1635140782163,
    "end": 1635140782166,
    "duration": 3,
    "pid": 64084,
    "index": 28
  },
  {
    "name": "Require(24) node_modules/egg-view/app/extend/application.js",
    "start": 1635140782167,
    "end": 1635140782169,
    "duration": 2,
    "pid": 64084,
    "index": 29
  },
  {
    "name": "Load extend/request.js",
    "start": 1635140782176,
    "end": 1635140782186,
    "duration": 10,
    "pid": 64084,
    "index": 30
  },
  {
    "name": "Require(25) node_modules/egg/app/extend/request.js",
    "start": 1635140782180,
    "end": 1635140782182,
    "duration": 2,
    "pid": 64084,
    "index": 31
  },
  {
    "name": "Load extend/response.js",
    "start": 1635140782186,
    "end": 1635140782200,
    "duration": 14,
    "pid": 64084,
    "index": 32
  },
  {
    "name": "Require(26) node_modules/egg/app/extend/response.js",
    "start": 1635140782191,
    "end": 1635140782193,
    "duration": 2,
    "pid": 64084,
    "index": 33
  },
  {
    "name": "Load extend/context.js",
    "start": 1635140782200,
    "end": 1635140782323,
    "duration": 123,
    "pid": 64084,
    "index": 34
  },
  {
    "name": "Require(27) node_modules/egg-security/app/extend/context.js",
    "start": 1635140782201,
    "end": 1635140782216,
    "duration": 15,
    "pid": 64084,
    "index": 35
  },
  {
    "name": "Require(28) node_modules/egg-jsonp/app/extend/context.js",
    "start": 1635140782217,
    "end": 1635140782219,
    "duration": 2,
    "pid": 64084,
    "index": 36
  },
  {
    "name": "Require(29) node_modules/egg-i18n/app/extend/context.js",
    "start": 1635140782220,
    "end": 1635140782221,
    "duration": 1,
    "pid": 64084,
    "index": 37
  },
  {
    "name": "Require(30) node_modules/egg-multipart/app/extend/context.js",
    "start": 1635140782222,
    "end": 1635140782313,
    "duration": 91,
    "pid": 64084,
    "index": 38
  },
  {
    "name": "Require(31) node_modules/egg-view/app/extend/context.js",
    "start": 1635140782315,
    "end": 1635140782316,
    "duration": 1,
    "pid": 64084,
    "index": 39
  },
  {
    "name": "Require(32) node_modules/egg/app/extend/context.js",
    "start": 1635140782317,
    "end": 1635140782318,
    "duration": 1,
    "pid": 64084,
    "index": 40
  },
  {
    "name": "Load extend/helper.js",
    "start": 1635140782323,
    "end": 1635140782361,
    "duration": 38,
    "pid": 64084,
    "index": 41
  },
  {
    "name": "Require(33) node_modules/egg-security/app/extend/helper.js",
    "start": 1635140782324,
    "end": 1635140782351,
    "duration": 27,
    "pid": 64084,
    "index": 42
  },
  {
    "name": "Require(34) node_modules/egg/app/extend/helper.js",
    "start": 1635140782355,
    "end": 1635140782356,
    "duration": 1,
    "pid": 64084,
    "index": 43
  },
  {
    "name": "Load app.js",
    "start": 1635140782361,
    "end": 1635140782467,
    "duration": 106,
    "pid": 64084,
    "index": 44
  },
  {
    "name": "Require(35) node_modules/_egg-session@3.3.0@egg-session/app.js",
    "start": 1635140782362,
    "end": 1635140782362,
    "duration": 0,
    "pid": 64084,
    "index": 45
  },
  {
    "name": "Require(36) node_modules/egg-security/app.js",
    "start": 1635140782363,
    "end": 1635140782365,
    "duration": 2,
    "pid": 64084,
    "index": 46
  },
  {
    "name": "Require(37) node_modules/_egg-onerror@2.1.0@egg-onerror/app.js",
    "start": 1635140782366,
    "end": 1635140782387,
    "duration": 21,
    "pid": 64084,
    "index": 47
  },
  {
    "name": "Require(38) node_modules/egg-i18n/app.js",
    "start": 1635140782388,
    "end": 1635140782412,
    "duration": 24,
    "pid": 64084,
    "index": 48
  },
  {
    "name": "Require(39) node_modules/egg-watcher/app.js",
    "start": 1635140782413,
    "end": 1635140782418,
    "duration": 5,
    "pid": 64084,
    "index": 49
  },
  {
    "name": "Require(40) node_modules/egg-schedule/app.js",
    "start": 1635140782419,
    "end": 1635140782421,
    "duration": 2,
    "pid": 64084,
    "index": 50
  },
  {
    "name": "Require(41) node_modules/egg-multipart/app.js",
    "start": 1635140782422,
    "end": 1635140782423,
    "duration": 1,
    "pid": 64084,
    "index": 51
  },
  {
    "name": "Require(42) node_modules/egg-development/app.js",
    "start": 1635140782424,
    "end": 1635140782424,
    "duration": 0,
    "pid": 64084,
    "index": 52
  },
  {
    "name": "Require(43) node_modules/egg-logrotator/app.js",
    "start": 1635140782425,
    "end": 1635140782426,
    "duration": 1,
    "pid": 64084,
    "index": 53
  },
  {
    "name": "Require(44) node_modules/egg-static/app.js",
    "start": 1635140782426,
    "end": 1635140782427,
    "duration": 1,
    "pid": 64084,
    "index": 54
  },
  {
    "name": "Require(45) node_modules/_egg-mysql@3.0.0@egg-mysql/app.js",
    "start": 1635140782429,
    "end": 1635140782466,
    "duration": 37,
    "pid": 64084,
    "index": 55
  },
  {
    "name": "Before Start in node_modules/egg-watcher/lib/init.js:15:14",
    "start": 1635140782487,
    "end": 1635140783008,
    "duration": 521,
    "pid": 64084,
    "index": 56
  },
  {
    "name": "Before Start in node_modules/_egg-mysql@3.0.0@egg-mysql/lib/mysql.js:20:7",
    "start": 1635140782683,
    "end": 1635140783072,
    "duration": 389,
    "pid": 64084,
    "index": 57
  },
  {
    "name": "Load Service",
    "start": 1635140782684,
    "end": 1635140782701,
    "duration": 17,
    "pid": 64084,
    "index": 58
  },
  {
    "name": "Load \"service\" to Context",
    "start": 1635140782684,
    "end": 1635140782701,
    "duration": 17,
    "pid": 64084,
    "index": 59
  },
  {
    "name": "Load Middleware",
    "start": 1635140782702,
    "end": 1635140782951,
    "duration": 249,
    "pid": 64084,
    "index": 60
  },
  {
    "name": "Load \"middlewares\" to Application",
    "start": 1635140782702,
    "end": 1635140782929,
    "duration": 227,
    "pid": 64084,
    "index": 61
  },
  {
    "name": "Load Controller",
    "start": 1635140782951,
    "end": 1635140782960,
    "duration": 9,
    "pid": 64084,
    "index": 62
  },
  {
    "name": "Load \"controller\" to Application",
    "start": 1635140782951,
    "end": 1635140782960,
    "duration": 9,
    "pid": 64084,
    "index": 63
  },
  {
    "name": "Load Router",
    "start": 1635140782960,
    "end": 1635140782968,
    "duration": 8,
    "pid": 64084,
    "index": 64
  },
  {
    "name": "Require(46) app/router.js",
    "start": 1635140782960,
    "end": 1635140782961,
    "duration": 1,
    "pid": 64084,
    "index": 65
  },
  {
    "name": "Before Start in node_modules/egg-core/lib/egg.js:303:10",
    "start": 1635140782962,
    "end": 1635140782994,
    "duration": 32,
    "pid": 64084,
    "index": 66
  }
]