[
  {
    "name": "Process Start",
    "start": 1635140790406,
    "end": 1635140793245,
    "duration": 2839,
    "pid": 2820,
    "index": 0
  },
  {
    "name": "Application Start",
    "start": 1635140793246,
    "end": 1635140794260,
    "duration": 1014,
    "pid": 2820,
    "index": 1
  },
  {
    "name": "Load Plugin",
    "start": 1635140793255,
    "end": 1635140793288,
    "duration": 33,
    "pid": 2820,
    "index": 2
  },
  {
    "name": "Load Config",
    "start": 1635140793288,
    "end": 1635140793340,
    "duration": 52,
    "pid": 2820,
    "index": 3
  },
  {
    "name": "Require(0) config/config.default.js",
    "start": 1635140793289,
    "end": 1635140793290,
    "duration": 1,
    "pid": 2820,
    "index": 4
  },
  {
    "name": "Require(1) node_modules/_egg-session@3.3.0@egg-session/config/config.default.js",
    "start": 1635140793292,
    "end": 1635140793293,
    "duration": 1,
    "pid": 2820,
    "index": 5
  },
  {
    "name": "Require(2) node_modules/egg-security/config/config.default.js",
    "start": 1635140793294,
    "end": 1635140793295,
    "duration": 1,
    "pid": 2820,
    "index": 6
  },
  {
    "name": "Require(3) node_modules/egg-jsonp/config/config.default.js",
    "start": 1635140793300,
    "end": 1635140793301,
    "duration": 1,
    "pid": 2820,
    "index": 7
  },
  {
    "name": "Require(4) node_modules/_egg-onerror@2.1.0@egg-onerror/config/config.default.js",
    "start": 1635140793302,
    "end": 1635140793304,
    "duration": 2,
    "pid": 2820,
    "index": 8
  },
  {
    "name": "Require(5) node_modules/egg-i18n/config/config.default.js",
    "start": 1635140793305,
    "end": 1635140793306,
    "duration": 1,
    "pid": 2820,
    "index": 9
  },
  {
    "name": "Require(6) node_modules/egg-watcher/config/config.default.js",
    "start": 1635140793307,
    "end": 1635140793309,
    "duration": 2,
    "pid": 2820,
    "index": 10
  },
  {
    "name": "Require(7) node_modules/egg-schedule/config/config.default.js",
    "start": 1635140793310,
    "end": 1635140793311,
    "duration": 1,
    "pid": 2820,
    "index": 11
  },
  {
    "name": "Require(8) node_modules/egg-multipart/config/config.default.js",
    "start": 1635140793313,
    "end": 1635140793315,
    "duration": 2,
    "pid": 2820,
    "index": 12
  },
  {
    "name": "Require(9) node_modules/egg-development/config/config.default.js",
    "start": 1635140793317,
    "end": 1635140793319,
    "duration": 2,
    "pid": 2820,
    "index": 13
  },
  {
    "name": "Require(10) node_modules/egg-logrotator/config/config.default.js",
    "start": 1635140793320,
    "end": 1635140793321,
    "duration": 1,
    "pid": 2820,
    "index": 14
  },
  {
    "name": "Require(11) node_modules/egg-static/config/config.default.js",
    "start": 1635140793322,
    "end": 1635140793323,
    "duration": 1,
    "pid": 2820,
    "index": 15
  },
  {
    "name": "Require(12) node_modules/egg-view/config/config.default.js",
    "start": 1635140793324,
    "end": 1635140793325,
    "duration": 1,
    "pid": 2820,
    "index": 16
  },
  {
    "name": "Require(13) node_modules/_egg-mysql@3.0.0@egg-mysql/config/config.default.js",
    "start": 1635140793326,
    "end": 1635140793327,
    "duration": 1,
    "pid": 2820,
    "index": 17
  },
  {
    "name": "Require(14) node_modules/egg/config/config.default.js",
    "start": 1635140793327,
    "end": 1635140793328,
    "duration": 1,
    "pid": 2820,
    "index": 18
  },
  {
    "name": "Require(15) config/config.default.js",
    "start": 1635140793331,
    "end": 1635140793331,
    "duration": 0,
    "pid": 2820,
    "index": 19
  },
  {
    "name": "Require(16) node_modules/egg-security/config/config.local.js",
    "start": 1635140793333,
    "end": 1635140793333,
    "duration": 0,
    "pid": 2820,
    "index": 20
  },
  {
    "name": "Require(17) node_modules/egg-watcher/config/config.local.js",
    "start": 1635140793335,
    "end": 1635140793336,
    "duration": 1,
    "pid": 2820,
    "index": 21
  },
  {
    "name": "Require(18) node_modules/egg-view/config/config.local.js",
    "start": 1635140793338,
    "end": 1635140793338,
    "duration": 0,
    "pid": 2820,
    "index": 22
  },
  {
    "name": "Require(19) node_modules/egg/config/config.local.js",
    "start": 1635140793339,
    "end": 1635140793339,
    "duration": 0,
    "pid": 2820,
    "index": 23
  },
  {
    "name": "Load extend/application.js",
    "start": 1635140793341,
    "end": 1635140793365,
    "duration": 24,
    "pid": 2820,
    "index": 24
  },
  {
    "name": "Require(20) node_modules/_egg-session@3.3.0@egg-session/app/extend/application.js",
    "start": 1635140793342,
    "end": 1635140793343,
    "duration": 1,
    "pid": 2820,
    "index": 25
  },
  {
    "name": "Require(21) node_modules/egg-security/app/extend/application.js",
    "start": 1635140793344,
    "end": 1635140793346,
    "duration": 2,
    "pid": 2820,
    "index": 26
  },
  {
    "name": "Require(22) node_modules/egg-jsonp/app/extend/application.js",
    "start": 1635140793347,
    "end": 1635140793350,
    "duration": 3,
    "pid": 2820,
    "index": 27
  },
  {
    "name": "Require(23) node_modules/egg-logrotator/app/extend/application.js",
    "start": 1635140793353,
    "end": 1635140793355,
    "duration": 2,
    "pid": 2820,
    "index": 28
  },
  {
    "name": "Require(24) node_modules/egg-view/app/extend/application.js",
    "start": 1635140793357,
    "end": 1635140793359,
    "duration": 2,
    "pid": 2820,
    "index": 29
  },
  {
    "name": "Load extend/request.js",
    "start": 1635140793365,
    "end": 1635140793376,
    "duration": 11,
    "pid": 2820,
    "index": 30
  },
  {
    "name": "Require(25) node_modules/egg/app/extend/request.js",
    "start": 1635140793370,
    "end": 1635140793371,
    "duration": 1,
    "pid": 2820,
    "index": 31
  },
  {
    "name": "Load extend/response.js",
    "start": 1635140793376,
    "end": 1635140793389,
    "duration": 13,
    "pid": 2820,
    "index": 32
  },
  {
    "name": "Require(26) node_modules/egg/app/extend/response.js",
    "start": 1635140793380,
    "end": 1635140793382,
    "duration": 2,
    "pid": 2820,
    "index": 33
  },
  {
    "name": "Load extend/context.js",
    "start": 1635140793389,
    "end": 1635140793546,
    "duration": 157,
    "pid": 2820,
    "index": 34
  },
  {
    "name": "Require(27) node_modules/egg-security/app/extend/context.js",
    "start": 1635140793390,
    "end": 1635140793405,
    "duration": 15,
    "pid": 2820,
    "index": 35
  },
  {
    "name": "Require(28) node_modules/egg-jsonp/app/extend/context.js",
    "start": 1635140793406,
    "end": 1635140793408,
    "duration": 2,
    "pid": 2820,
    "index": 36
  },
  {
    "name": "Require(29) node_modules/egg-i18n/app/extend/context.js",
    "start": 1635140793409,
    "end": 1635140793410,
    "duration": 1,
    "pid": 2820,
    "index": 37
  },
  {
    "name": "Require(30) node_modules/egg-multipart/app/extend/context.js",
    "start": 1635140793412,
    "end": 1635140793533,
    "duration": 121,
    "pid": 2820,
    "index": 38
  },
  {
    "name": "Require(31) node_modules/egg-view/app/extend/context.js",
    "start": 1635140793536,
    "end": 1635140793538,
    "duration": 2,
    "pid": 2820,
    "index": 39
  },
  {
    "name": "Require(32) node_modules/egg/app/extend/context.js",
    "start": 1635140793539,
    "end": 1635140793540,
    "duration": 1,
    "pid": 2820,
    "index": 40
  },
  {
    "name": "Load extend/helper.js",
    "start": 1635140793546,
    "end": 1635140793592,
    "duration": 46,
    "pid": 2820,
    "index": 41
  },
  {
    "name": "Require(33) node_modules/egg-security/app/extend/helper.js",
    "start": 1635140793547,
    "end": 1635140793580,
    "duration": 33,
    "pid": 2820,
    "index": 42
  },
  {
    "name": "Require(34) node_modules/egg/app/extend/helper.js",
    "start": 1635140793587,
    "end": 1635140793587,
    "duration": 0,
    "pid": 2820,
    "index": 43
  },
  {
    "name": "Load app.js",
    "start": 1635140793592,
    "end": 1635140793706,
    "duration": 114,
    "pid": 2820,
    "index": 44
  },
  {
    "name": "Require(35) node_modules/_egg-session@3.3.0@egg-session/app.js",
    "start": 1635140793593,
    "end": 1635140793593,
    "duration": 0,
    "pid": 2820,
    "index": 45
  },
  {
    "name": "Require(36) node_modules/egg-security/app.js",
    "start": 1635140793594,
    "end": 1635140793603,
    "duration": 9,
    "pid": 2820,
    "index": 46
  },
  {
    "name": "Require(37) node_modules/_egg-onerror@2.1.0@egg-onerror/app.js",
    "start": 1635140793604,
    "end": 1635140793624,
    "duration": 20,
    "pid": 2820,
    "index": 47
  },
  {
    "name": "Require(38) node_modules/egg-i18n/app.js",
    "start": 1635140793625,
    "end": 1635140793651,
    "duration": 26,
    "pid": 2820,
    "index": 48
  },
  {
    "name": "Require(39) node_modules/egg-watcher/app.js",
    "start": 1635140793652,
    "end": 1635140793657,
    "duration": 5,
    "pid": 2820,
    "index": 49
  },
  {
    "name": "Require(40) node_modules/egg-schedule/app.js",
    "start": 1635140793658,
    "end": 1635140793660,
    "duration": 2,
    "pid": 2820,
    "index": 50
  },
  {
    "name": "Require(41) node_modules/egg-multipart/app.js",
    "start": 1635140793661,
    "end": 1635140793662,
    "duration": 1,
    "pid": 2820,
    "index": 51
  },
  {
    "name": "Require(42) node_modules/egg-development/app.js",
    "start": 1635140793662,
    "end": 1635140793663,
    "duration": 1,
    "pid": 2820,
    "index": 52
  },
  {
    "name": "Require(43) node_modules/egg-logrotator/app.js",
    "start": 1635140793663,
    "end": 1635140793665,
    "duration": 2,
    "pid": 2820,
    "index": 53
  },
  {
    "name": "Require(44) node_modules/egg-static/app.js",
    "start": 1635140793666,
    "end": 1635140793666,
    "duration": 0,
    "pid": 2820,
    "index": 54
  },
  {
    "name": "Require(45) node_modules/_egg-mysql@3.0.0@egg-mysql/app.js",
    "start": 1635140793667,
    "end": 1635140793704,
    "duration": 37,
    "pid": 2820,
    "index": 55
  },
  {
    "name": "Before Start in node_modules/egg-watcher/lib/init.js:15:14",
    "start": 1635140793726,
    "end": 1635140794207,
    "duration": 481,
    "pid": 2820,
    "index": 56
  },
  {
    "name": "Before Start in node_modules/_egg-mysql@3.0.0@egg-mysql/lib/mysql.js:20:7",
    "start": 1635140793914,
    "end": 1635140794259,
    "duration": 345,
    "pid": 2820,
    "index": 57
  },
  {
    "name": "Load Service",
    "start": 1635140793915,
    "end": 1635140793933,
    "duration": 18,
    "pid": 2820,
    "index": 58
  },
  {
    "name": "Load \"service\" to Context",
    "start": 1635140793915,
    "end": 1635140793933,
    "duration": 18,
    "pid": 2820,
    "index": 59
  },
  {
    "name": "Load Middleware",
    "start": 1635140793933,
    "end": 1635140794156,
    "duration": 223,
    "pid": 2820,
    "index": 60
  },
  {
    "name": "Load \"middlewares\" to Application",
    "start": 1635140793933,
    "end": 1635140794135,
    "duration": 202,
    "pid": 2820,
    "index": 61
  },
  {
    "name": "Load Controller",
    "start": 1635140794156,
    "end": 1635140794165,
    "duration": 9,
    "pid": 2820,
    "index": 62
  },
  {
    "name": "Load \"controller\" to Application",
    "start": 1635140794156,
    "end": 1635140794165,
    "duration": 9,
    "pid": 2820,
    "index": 63
  },
  {
    "name": "Load Router",
    "start": 1635140794165,
    "end": 1635140794172,
    "duration": 7,
    "pid": 2820,
    "index": 64
  },
  {
    "name": "Require(46) app/router.js",
    "start": 1635140794166,
    "end": 1635140794166,
    "duration": 0,
    "pid": 2820,
    "index": 65
  },
  {
    "name": "Before Start in node_modules/egg-core/lib/egg.js:303:10",
    "start": 1635140794168,
    "end": 1635140794194,
    "duration": 26,
    "pid": 2820,
    "index": 66
  }
]